class,accuracy,bias_indicator
Cloudy,0.8929292929292929,0.015151515151515138
Rainy,0.906060606060606,0.002020202020202033
Snowy,0.907070707070707,0.0010101010101010166
Sunny,0.908080808080808,0.0
